TranID,Time,Price,Volume,SaleOrderVolume,BuyOrderVolume,Type,SaleOrderID,SaleOrderPrice,BuyOrderID,BuyOrderPrice
183400,09:25:00,6.99,1000,1000,2500,B,104543,6.99,162111,6.99
183401,09:25:00,6.99,1500,1500,2500,B,31414,6.99,162111,6.99
245562,09:30:00,7,528,528,21600,S,245561,7,196199,7
245899,09:30:00,7,1000,1000,21600,S,245898,7,196199,7
257881,09:30:00,7,5000,5000,21600,S,257880,7,196199,7
263698,09:30:01,7,200,200,21600,S,263697,7,196199,7
291550,09:30:02,7,5000,5000,21600,S,291549,7,196199,7
378322,09:30:24,7.07,1000,1000,101100,B,370005,7.07,378321,7.17
378323,09:30:24,7.09,100,100,101100,B,366962,7.09,378321,7.17
378324,09:30:24,7.16,74400,74400,101100,B,240742,7.16,378321,7.17
378325,09:30:24,7.17,100,100,101100,B,28275,7.17,378321,7.17
378326,09:30:24,7.17,25500,140000,101100,B,231277,7.17,378321,7.17
378796,09:30:24,7.17,114500,140000,154100,B,231277,7.17,378795,7.18
378797,09:30:24,7.18,10000,10000,154100,B,219805,7.18,378795,7.18
378798,09:30:24,7.18,29600,100000,154100,B,231223,7.18,378795,7.18
391629,09:30:31,7,3000,3000,21600,S,391628,7,196199,7
405968,09:30:38,7.15,1000,1000,99800,B,386398,7.15,405967,7.18
405969,09:30:38,7.15,2000,2000,99800,B,389692,7.15,405967,7.18
405970,09:30:38,7.15,400,400,99800,B,393005,7.15,405967,7.18
405971,09:30:38,7.15,13700,13700,99800,B,395072,7.15,405967,7.18
405972,09:30:38,7.15,22000,22000,99800,B,400343,7.15,405967,7.18
405973,09:30:38,7.16,1000,1000,99800,B,390935,7.16,405967,7.18
405974,09:30:38,7.18,59700,100000,99800,B,231223,7.18,405967,7.18
408836,09:30:39,7.15,600,10000,600,B,406228,7.15,408835,7.15
419906,09:30:44,7.15,9400,10000,99800,B,406228,7.15,419905,7.18
419907,09:30:44,7.18,10700,100000,99800,B,231223,7.18,419905,7.18
419908,09:30:44,7.18,79700,79800,99800,B,236779,7.18,419905,7.18
422415,09:30:45,7.18,100,79800,700,B,236779,7.18,422414,7.18
422416,09:30:45,7.18,600,1000,700,B,421294,7.18,422414,7.18
423187,09:30:46,7.03,600,600,2100,S,423186,7.03,419446,7.03
427695,09:30:48,7.05,2000,5500,2000,S,427694,7,426130,7.05
427696,09:30:48,7.03,1500,5500,2100,S,427694,7,419446,7.03
427697,09:30:48,7,2000,5500,21600,S,427694,7,196199,7
439628,09:30:53,7.15,1000,1000,128000,B,438505,7.15,439627,7.19
439629,09:30:53,7.16,6000,6000,128000,B,433037,7.16,439627,7.19
439630,09:30:53,7.17,300,300,128000,B,435317,7.17,439627,7.19
439631,09:30:53,7.17,5000,5000,128000,B,438341,7.17,439627,7.19
439632,09:30:53,7.18,400,1000,128000,B,421294,7.18,439627,7.19
439633,09:30:53,7.18,700,700,128000,B,425690,7.18,439627,7.19
439634,09:30:53,7.18,3000,3000,128000,B,428039,7.18,439627,7.19
439635,09:30:53,7.18,3500,3500,128000,B,439589,7.18,439627,7.19
439636,09:30:53,7.19,200,200,128000,B,40230,7.19,439627,7.19
439637,09:30:53,7.19,30000,30000,128000,B,199385,7.19,439627,7.19
439638,09:30:53,7.19,2700,2700,128000,B,203870,7.19,439627,7.19
439639,09:30:53,7.19,75200,100000,128000,B,223248,7.19,439627,7.19
462085,09:31:03,7.18,700,700,52100,B,445769,7.18,462084,7.19
462086,09:31:03,7.18,5000,5000,52100,B,446437,7.18,462084,7.19
462087,09:31:03,7.18,400,400,52100,B,449288,7.18,462084,7.19
462088,09:31:03,7.18,1000,1000,52100,B,449862,7.18,462084,7.19
462089,09:31:03,7.18,10500,10500,52100,B,450293,7.18,462084,7.19
462090,09:31:03,7.18,3500,3500,52100,B,451855,7.18,462084,7.19
462091,09:31:03,7.19,24800,100000,52100,B,223248,7.19,462084,7.19
462092,09:31:03,7.19,6200,6200,52100,B,243978,7.19,462084,7.19
462558,09:31:03,7.06,100,30000,100,S,462557,7,454837,7.06
462559,09:31:03,7.05,20000,30000,20000,S,462557,7,445100,7.05
462560,09:31:03,7.04,3000,30000,3000,S,462557,7,440852,7.04
462561,09:31:03,7.01,800,30000,800,S,462557,7,451352,7.01
462562,09:31:03,7,4872,30000,21600,S,462557,7,196199,7
462563,09:31:03,7,500,30000,500,S,462557,7,204960,7
462564,09:31:03,7,728,30000,728,S,462557,7,258416,7
482786,09:31:12,7.14,8300,10000,8300,B,475402,7.14,482785,7.14
494942,09:31:18,7.05,1000,4600,1000,B,491131,7.05,494941,7.05
513631,09:31:27,7.05,600,4600,600,B,491131,7.05,513630,7.05
523088,09:31:31,7.05,2300,4600,2300,B,491131,7.05,523087,7.05
526105,09:31:33,7.05,700,4600,700,B,491131,7.05,526104,7.05
572520,09:31:56,7.14,200,10000,200,B,475402,7.14,572519,7.14
612125,09:32:16,7.05,1000,1000,1000,S,612124,7.05,537285,7.05
620351,09:32:20,7.12,100,100,1500,B,619477,7.12,620350,7.13
620352,09:32:20,7.13,1400,2000,1500,B,590398,7.13,620350,7.13
621364,09:32:21,7.13,600,2000,28200,B,590398,7.13,621363,7.14
621365,09:32:21,7.13,1000,1000,28200,B,610820,7.13,621363,7.14
621366,09:32:21,7.13,5000,5000,28200,B,614951,7.13,621363,7.14
621367,09:32:21,7.14,1500,10000,28200,B,475402,7.14,621363,7.14
621368,09:32:21,7.14,200,200,28200,B,556917,7.14,621363,7.14
621369,09:32:21,7.14,4000,4000,28200,B,568978,7.14,621363,7.14
621370,09:32:21,7.14,5000,5000,28200,B,579665,7.14,621363,7.14
621371,09:32:21,7.14,2900,2900,28200,B,583970,7.14,621363,7.14
621372,09:32:21,7.14,1000,1000,28200,B,592985,7.14,621363,7.14
621373,09:32:21,7.14,6300,6300,28200,B,609264,7.14,621363,7.14
621374,09:32:21,7.14,600,600,28200,B,612820,7.14,621363,7.14
621375,09:32:21,7.14,100,10500,28200,B,621183,7.14,621363,7.14
648843,09:32:36,7.1,100,100,57900,B,648663,7.1,648842,7.13
648844,09:32:36,7.11,8500,8500,57900,B,628327,7.11,648842,7.13
648845,09:32:36,7.13,2000,2000,57900,B,627186,7.13,648842,7.13
648846,09:32:36,7.13,47300,123000,57900,B,634613,7.13,648842,7.13
654388,09:32:39,7.12,200,10000,200,B,653140,7.12,654387,7.12
661273,09:32:42,7.12,9800,10000,28500,B,653140,7.12,661272,7.13
661274,09:32:42,7.13,18700,123000,28500,B,634613,7.13,661272,7.13
691763,09:32:59,7.06,500,2500,500,S,691762,7.06,633563,7.06
691764,09:32:59,7.06,2000,2500,2000,S,691762,7.06,638952,7.06
697929,09:33:02,7.11,3000,3000,89300,B,663384,7.11,697928,7.13
697930,09:33:02,7.11,100,100,89300,B,664999,7.11,697928,7.13
697931,09:33:02,7.13,57000,123000,89300,B,634613,7.13,697928,7.13
697932,09:33:02,7.13,1000,1000,89300,B,680868,7.13,697928,7.13
697933,09:33:02,7.13,500,500,89300,B,687059,7.13,697928,7.13
697934,09:33:02,7.13,27700,233000,89300,B,687834,7.13,697928,7.13
720849,09:33:14,7.11,700,1500,700,S,720848,7.1,707861,7.11
720850,09:33:14,7.1,800,1500,4600,S,720848,7.1,694060,7.1
730229,09:33:19,7.1,1000,1000,4600,S,730228,7.1,694060,7.1
730604,09:33:19,7.12,100,100,2000,B,710725,7.12,730603,7.13
730605,09:33:19,7.12,1000,1000,2000,B,715079,7.12,730603,7.13
730606,09:33:19,7.13,900,233000,2000,B,687834,7.13,730603,7.13
734033,09:33:21,7.12,1800,1800,4800,B,733364,7.12,734032,7.13
734034,09:33:21,7.13,3000,233000,4800,B,687834,7.13,734032,7.13
739224,09:33:24,7.13,6300,233000,6300,B,687834,7.13,739223,7.13
742155,09:33:25,7.13,105900,233000,105900,B,687834,7.13,742154,7.13
743637,09:33:26,7.13,200,233000,200,B,687834,7.13,743636,7.13
745390,09:33:27,7.13,1000,233000,1000,B,687834,7.13,745389,7.13
749730,09:33:29,7.11,200,200,200,S,749729,7.11,730945,7.11
750169,09:33:30,7.13,25500,233000,25500,B,687834,7.13,750168,7.13
759813,09:33:35,7.12,1300,5800,1300,B,751650,7.12,759812,7.12
762785,09:33:36,7.12,4500,5800,106000,B,751650,7.12,762784,7.13
762786,09:33:36,7.13,62500,233000,106000,B,687834,7.13,762784,7.13
762787,09:33:36,7.13,2000,2000,106000,B,741661,7.13,762784,7.13
781959,09:33:46,7.13,100,100,106000,S,781958,7.13,762784,7.13
783135,09:33:47,7.13,2600,2600,106000,S,783134,7.13,762784,7.13
791030,09:33:51,7.14,10000,10500,10000,B,621183,7.14,791029,7.14
801883,09:33:57,7.13,18297,18297,106000,S,801882,7.13,762784,7.13
821647,09:34:07,7.13,10000,10000,106000,S,821646,7.13,762784,7.13
825109,09:34:09,7.13,3400,3400,106000,S,825108,7.13,762784,7.13
831940,09:34:13,7.13,2603,10000,106000,S,831939,7.13,762784,7.13
831941,09:34:13,7.13,7397,10000,9100,S,831939,7.13,821586,7.13
840172,09:34:17,7.13,1000,1000,9100,S,840171,7.13,821586,7.13
841129,09:34:17,7.14,400,10500,15200,B,621183,7.14,841128,7.14
841130,09:34:17,7.14,1000,1000,15200,B,623778,7.14,841128,7.14
841131,09:34:17,7.14,2700,2700,15200,B,637782,7.14,841128,7.14
841132,09:34:17,7.14,2000,2000,15200,B,828066,7.14,841128,7.14
841133,09:34:17,7.14,9100,9100,15200,B,828864,7.14,841128,7.14
842995,09:34:18,7.13,703,4000,9100,S,842994,7.13,821586,7.13
850976,09:34:22,7.13,600,4000,600,B,842994,7.13,850975,7.13
860514,09:34:27,7.13,1000,4000,1000,B,842994,7.13,860513,7.13
877682,09:34:35,7.13,600,4000,600,B,842994,7.13,877681,7.13
878672,09:34:36,7.12,500,500,2000,S,878671,7.12,764687,7.12
891216,09:34:42,7.12,1000,1000,2000,S,891215,7.12,764687,7.12
898094,09:34:46,7.12,500,600,2000,S,898093,7.12,764687,7.12
898095,09:34:46,7.12,100,600,100,S,898093,7.12,891041,7.12
902661,09:34:48,7.13,1000,4000,1000,B,842994,7.13,902660,7.13
907111,09:34:50,7.13,97,4000,200,B,842994,7.13,907110,7.13
907112,09:34:50,7.13,103,500,200,B,860286,7.13,907110,7.13
915565,09:34:54,7.13,397,500,5000,B,860286,7.13,915564,7.13
915566,09:34:54,7.13,1000,1000,5000,B,886752,7.13,915564,7.13
915567,09:34:54,7.13,3603,3603,5000,B,900787,7.13,915564,7.13
915633,09:34:55,7.11,2000,5000,2000,S,915632,7.11,778396,7.11
915634,09:34:55,7.11,3000,5000,5000,S,915632,7.11,884395,7.11
928211,09:35:01,7.11,2000,3000,5000,S,928210,7.11,884395,7.11
928212,09:35:01,7.11,1000,3000,4800,S,928210,7.11,919617,7.11
937867,09:35:05,7.11,600,600,4800,S,937866,7.11,919617,7.11
943373,09:35:08,7.12,100,100,100,B,928364,7.12,943372,7.12
944571,09:35:09,7.11,3200,10000,4800,S,944570,7.11,919617,7.11
967682,09:35:20,7.1,2800,3700,4600,S,967681,7.1,694060,7.1
967683,09:35:20,7.1,900,3700,5000,S,967681,7.1,763711,7.1
968049,09:35:20,7.1,3000,3000,5000,S,968048,7.1,763711,7.1
983883,09:35:28,7.1,700,700,5000,S,983882,7.1,763711,7.1
985143,09:35:29,7.11,5000,10000,5000,B,944570,7.11,985142,7.11
987327,09:35:30,7.1,400,2000,5000,S,987326,7.1,763711,7.1
1009177,09:35:41,7.09,400,400,5000,S,1009176,7.09,918278,7.09
1010260,09:35:42,7.09,2000,2000,5000,S,1010259,7.09,918278,7.09
1012522,09:35:43,7.1,1600,2000,3200,B,987326,7.1,1012521,7.1
1012523,09:35:43,7.1,1600,2000,3200,B,1010296,7.1,1012521,7.1
1019488,09:35:46,7.1,400,2000,4200,B,1010296,7.1,1019487,7.1
1019489,09:35:46,7.1,3800,3800,4200,B,1014353,7.1,1019487,7.1
1061191,09:36:07,7.1,1000,11000,1000,B,1031355,7.1,1061190,7.1
1061822,09:36:07,7.1,1200,11000,1200,B,1031355,7.1,1061821,7.1
1063159,09:36:08,7.09,2600,5500,5000,S,1063158,7.08,918278,7.09
1063160,09:36:08,7.09,1000,5500,1000,S,1063158,7.08,1054406,7.09
1063161,09:36:08,7.08,1900,5500,5000,S,1063158,7.08,702637,7.08
1081718,09:36:17,7.08,3100,10100,5000,S,1081717,7.08,702637,7.08
1081719,09:36:17,7.08,6300,10100,6300,S,1081717,7.08,852575,7.08
1081720,09:36:17,7.08,700,10100,10500,S,1081717,7.08,907854,7.08
1108489,09:36:31,7.08,9800,15000,10500,S,1108488,7.08,907854,7.08
1117510,09:36:36,7.08,1000,15000,1000,B,1108488,7.08,1117509,7.08
1146453,09:36:50,7.08,4200,15000,5800,B,1108488,7.08,1146452,7.08
1146454,09:36:50,7.08,1600,1700,5800,B,1110758,7.08,1146452,7.08
1148787,09:36:51,7.08,100,1700,1100,B,1110758,7.08,1148786,7.08
1151137,09:36:52,7.08,1000,1000,1100,S,1151136,7.08,1148786,7.08
1173204,09:37:04,7.08,700,700,1000,S,1173203,7.08,1157110,7.08
1203175,09:37:20,7.09,800,800,13800,B,1138647,7.09,1203174,7.09
1303816,09:38:19,7.09,13000,14000,13800,S,1303815,7.09,1203174,7.09
1303817,09:38:19,7.09,1000,14000,1000,S,1303815,7.09,1226705,7.09
1305846,09:38:20,7.09,1800,7600,1800,S,1305845,7.09,1269752,7.09
1305847,09:38:20,7.09,1700,7600,1700,S,1305845,7.09,1288485,7.09
1305848,09:38:20,7.09,500,7600,500,S,1305845,7.09,1291672,7.09
1316692,09:38:27,7.09,800,7600,800,B,1305845,7.09,1316691,7.09
1326456,09:38:34,7.09,700,7600,700,B,1305845,7.09,1326455,7.09
1331954,09:38:37,7.09,500,7600,500,B,1305845,7.09,1331953,7.09
1334979,09:38:39,7.09,1200,7600,1200,B,1305845,7.09,1334978,7.09
1387474,09:39:10,7.09,400,7600,2000,B,1305845,7.09,1387473,7.09
1387475,09:39:10,7.09,1600,3000,2000,B,1305968,7.09,1387473,7.09
1425202,09:39:34,7.09,1000,3000,1000,B,1305968,7.09,1425201,7.09
1435409,09:39:39,7.08,300,800,1000,S,1435408,7.08,1157110,7.08
1435410,09:39:39,7.08,500,800,1000,S,1435408,7.08,1190749,7.08
1443394,09:39:44,7.09,400,3000,1000,B,1305968,7.09,1443393,7.09
1443395,09:39:44,7.09,600,10000,1000,B,1350384,7.09,1443393,7.09
1444283,09:39:45,7.09,2700,10000,2700,B,1350384,7.09,1444282,7.09
1470316,09:40:01,7.09,500,10000,500,B,1350384,7.09,1470315,7.09
1475003,09:40:04,7.09,100,10000,100,B,1350384,7.09,1475002,7.09
1476544,09:40:05,7.08,500,600,1000,S,1476543,7.08,1190749,7.08
1476545,09:40:05,7.08,100,600,300,S,1476543,7.08,1246972,7.08
1476763,09:40:05,7.08,200,300,300,S,1476762,7.08,1246972,7.08
1476764,09:40:05,7.08,100,300,500,S,1476762,7.08,1283369,7.08
1492065,09:40:14,7.09,6100,10000,27300,B,1350384,7.09,1492064,7.11
1492066,09:40:14,7.09,300,300,27300,B,1449943,7.09,1492064,7.11
1492067,09:40:14,7.1,8800,11000,27300,B,1031355,7.1,1492064,7.11
1492068,09:40:14,7.1,3500,3500,27300,B,1170887,7.1,1492064,7.11
1492069,09:40:14,7.1,2000,2000,27300,B,1193594,7.1,1492064,7.11
1492070,09:40:14,7.1,5000,5000,27300,B,1333326,7.1,1492064,7.11
1492071,09:40:14,7.11,1600,10000,27300,B,944570,7.11,1492064,7.11
1494085,09:40:16,7.08,400,5400,500,S,1494084,7.08,1283369,7.08
1494086,09:40:16,7.08,1000,5400,1000,S,1494084,7.08,1351615,7.08
1507464,09:40:24,7.08,3000,5400,3000,B,1494084,7.08,1507463,7.08
1517178,09:40:29,7.08,1000,5400,1000,B,1494084,7.08,1517177,7.08
1517868,09:40:29,7.07,1000,6700,1000,S,1517867,7.07,1392303,7.07
1518161,09:40:29,7.07,3800,6700,3800,B,1517867,7.07,1518160,7.07
1541189,09:40:43,7.07,1000,6700,1000,B,1517867,7.07,1541188,7.07
1542901,09:40:44,7.07,900,6700,1000,B,1517867,7.07,1542900,7.07
1555312,09:40:52,7.07,100,6900,1000,S,1555311,7.07,1542900,7.07
1555313,09:40:52,7.07,1000,6900,1000,S,1555311,7.07,1555246,7.07
1558615,09:40:54,7.07,2000,6900,2000,B,1555311,7.07,1558614,7.07
1558630,09:40:54,7.07,2000,6900,2000,B,1555311,7.07,1558629,7.07
1565292,09:40:58,7.07,1800,6900,3000,B,1555311,7.07,1565291,7.07
1580171,09:41:07,7.07,1200,11500,3000,S,1580170,7.07,1565291,7.07
1608374,09:41:25,7.07,1700,11500,1700,B,1580170,7.07,1608373,7.07
1620433,09:41:32,7.07,3000,11500,3000,B,1580170,7.07,1620432,7.07
1632125,09:41:40,7.07,1000,11500,1000,B,1580170,7.07,1632124,7.07
1642141,09:41:46,7.07,500,11500,500,B,1580170,7.07,1642140,7.07
1657080,09:41:56,7.06,4000,4500,4000,S,1657079,7.06,708314,7.06
1657081,09:41:56,7.06,500,4500,700,S,1657079,7.06,714774,7.06
1660908,09:41:58,7.07,2000,11500,2000,B,1580170,7.07,1660907,7.07
1670372,09:42:05,7.06,200,8900,700,S,1670371,7.06,714774,7.06
1670373,09:42:05,7.06,400,8900,400,S,1670371,7.06,1103324,7.06
1670374,09:42:05,7.06,800,8900,800,S,1670371,7.06,1222159,7.06
1670375,09:42:05,7.06,3000,8900,3000,S,1670371,7.06,1613764,7.06
1670376,09:42:05,7.06,1200,8900,1200,S,1670371,7.06,1627770,7.06
1670377,09:42:05,7.06,1000,8900,1000,S,1670371,7.06,1641437,7.06
1676800,09:42:09,7.06,2300,8900,3000,B,1670371,7.06,1676799,7.06
1737843,09:42:51,7.06,100,100,3000,S,1737842,7.06,1676799,7.06
1742458,09:42:54,7.07,200,11500,200,B,1580170,7.07,1742457,7.07
1757172,09:43:05,7.07,1900,11500,3000,B,1580170,7.07,1757171,7.07
1757173,09:43:05,7.07,1000,1000,3000,B,1585879,7.07,1757171,7.07
1757174,09:43:05,7.07,100,8400,3000,B,1594640,7.07,1757171,7.07
1767780,09:43:12,7.07,4700,8400,4700,B,1594640,7.07,1767779,7.07
1778779,09:43:20,7.07,3000,8400,3000,B,1594640,7.07,1778778,7.07
1785051,09:43:24,7.07,600,8400,2000,B,1594640,7.07,1785050,7.07
2054311,09:46:48,7.08,100,100,6000,S,2054310,7.08,1972123,7.08
2076998,09:47:06,7.1,100,1000,100,B,1728966,7.1,2076997,7.1
2098466,09:47:23,7.1,900,1000,2000,B,1728966,7.1,2098465,7.1
2130204,09:47:48,7.1,1100,14200,2000,S,2130203,7.08,2098465,7.1
2130205,09:47:48,7.1,300,14200,300,S,2130203,7.08,2115828,7.1
2130206,09:47:48,7.1,10000,14200,10000,S,2130203,7.08,2129614,7.1
2130207,09:47:48,7.1,200,14200,200,S,2130203,7.08,2129862,7.1
2130208,09:47:48,7.08,2600,14200,6000,S,2130203,7.08,1972123,7.08
2138384,09:47:55,7.1,1000,1000,1100,B,2131514,7.1,2138383,7.1
2138385,09:47:55,7.1,100,500,1100,B,2135327,7.1,2138383,7.1
2149805,09:48:04,7.08,100,100,6000,S,2149804,7.08,1972123,7.08
2160855,09:48:13,7.1,400,500,1600,B,2135327,7.1,2160854,7.1
2171158,09:48:23,7.1,200,200,1600,S,2171157,7.1,2160854,7.1
2179951,09:48:31,7.1,1000,10200,1600,S,2179950,7.08,2160854,7.1
2179952,09:48:31,7.08,3200,10200,6000,S,2179950,7.08,1972123,7.08
2179953,09:48:31,7.08,5000,10200,5000,S,2179950,7.08,2013730,7.08
2179954,09:48:31,7.08,1000,10200,1700,S,2179950,7.08,2013970,7.08
2191896,09:48:42,7.1,1500,1500,3000,B,2190895,7.1,2191895,7.1
2199073,09:48:49,7.1,1500,8700,3000,S,2199072,7.07,2191895,7.1
2199074,09:48:49,7.08,700,8700,1700,S,2199072,7.07,2013970,7.08
2199075,09:48:49,7.08,400,8700,400,S,2199072,7.07,2172751,7.08
2199076,09:48:49,7.07,1400,8700,2000,S,2199072,7.07,1785050,7.07
2199077,09:48:49,7.07,1000,8700,1000,S,2199072,7.07,1793448,7.07
2199078,09:48:49,7.07,3700,8700,5000,S,2199072,7.07,1798915,7.07
2222850,09:49:12,7.11,200,10000,1300,B,944570,7.11,2222849,7.11
2222851,09:49:12,7.11,1100,1100,1300,B,1043073,7.11,2222849,7.11
2272863,09:50:02,7.08,6000,11200,6000,S,2272862,7.08,2241113,7.08
2272864,09:50:02,7.08,100,11200,100,S,2272862,7.08,2255801,7.08
2272865,09:50:02,7.08,3500,11200,3500,S,2272862,7.08,2258618,7.08
2295717,09:50:24,7.08,1600,11200,13200,B,2272862,7.08,2295716,7.08
2310219,09:50:39,7.09,1400,1400,2800,S,2310218,7.09,2296061,7.09
2327466,09:50:57,7.09,1000,1000,2800,S,2327465,7.09,2296061,7.09
2346298,09:51:16,7.09,400,11900,2800,S,2346297,7.08,2296061,7.09
2346299,09:51:16,7.08,11500,11900,13200,S,2346297,7.08,2295716,7.08
2348714,09:51:19,7.1,700,700,700,B,2263769,7.1,2348713,7.1
2424903,09:52:43,7.08,100,100,13200,S,2424902,7.08,2295716,7.08
2477255,09:53:39,7.08,100,9800,100,S,2477254,7.08,2298776,7.08
2477256,09:53:39,7.08,300,9800,300,S,2477254,7.08,2381907,7.08
2477257,09:53:39,7.08,9400,9800,10000,S,2477254,7.08,2394770,7.08
2485439,09:53:48,7.09,700,700,700,B,2469723,7.09,2485438,7.09
2510257,09:54:16,7.08,100,100,10000,S,2510256,7.08,2394770,7.08
2521732,09:54:29,7.08,500,1700,10000,S,2521731,7.08,2394770,7.08
2526418,09:54:35,7.08,200,1700,200,B,2521731,7.08,2526417,7.08
2535435,09:54:46,7.08,1000,1700,1000,B,2521731,7.08,2535434,7.08
2536511,09:54:47,7.07,1300,5400,5000,S,2536510,7.07,1798915,7.07
2536512,09:54:47,7.07,1000,5400,1000,S,2536510,7.07,1877593,7.07
2536513,09:54:47,7.07,1000,5400,1000,S,2536510,7.07,1901922,7.07
2536514,09:54:47,7.07,1400,5400,1400,S,2536510,7.07,1942677,7.07
2536515,09:54:47,7.07,700,5400,1000,S,2536510,7.07,2244217,7.07
2538328,09:54:49,7.07,300,2000,1000,S,2538327,7.07,2244217,7.07
2538329,09:54:49,7.07,1000,2000,1000,S,2538327,7.07,2288234,7.07
2538330,09:54:49,7.07,700,2000,1000,S,2538327,7.07,2303587,7.07
2583741,09:55:42,7.07,300,300,1000,S,2583740,7.07,2303587,7.07
2616615,09:56:21,7.07,500,1100,500,S,2616614,7.07,2537015,7.07
2616616,09:56:21,7.07,600,1100,1000,S,2616614,7.07,2574052,7.07
2632928,09:56:41,7.07,400,1100,1000,S,2632927,7.07,2574052,7.07
2632929,09:56:41,7.07,700,1100,1000,S,2632927,7.07,2577577,7.07
2667041,09:57:13,7.07,300,3800,1000,S,2667040,7.07,2577577,7.07
2667042,09:57:13,7.07,1000,3800,1000,S,2667040,7.07,2598388,7.07
2667043,09:57:13,7.07,500,3800,500,S,2667040,7.07,2654530,7.07
2677369,09:57:24,7.06,100,100,3000,S,2677368,7.06,1676799,7.06
2711738,09:57:56,7.06,200,200,3000,S,2711737,7.06,1676799,7.06
2725614,09:58:08,7.06,300,5000,3000,S,2725613,7.06,1676799,7.06
2725615,09:58:08,7.06,2000,5000,2000,S,2725613,7.06,1694585,7.06
2725616,09:58:08,7.06,200,5000,200,S,2725613,7.06,1732996,7.06
2725617,09:58:08,7.06,2500,5000,6000,S,2725613,7.06,1744675,7.06
2761296,09:58:40,7.06,100,100,6000,S,2761295,7.06,1744675,7.06
2771103,09:58:49,7.06,2500,2500,6000,S,2771102,7.06,1744675,7.06
2856144,10:00:08,7.06,900,3000,6000,S,2856143,7.06,1744675,7.06
2856145,10:00:08,7.06,100,3000,100,S,2856143,7.06,2245089,7.06
2856146,10:00:08,7.06,500,3000,500,S,2856143,7.06,2600398,7.06
2856147,10:00:08,7.06,1000,3000,1000,S,2856143,7.06,2782273,7.06
2856148,10:00:08,7.06,500,3000,1000,S,2856143,7.06,2799784,7.06
2866968,10:00:18,7.07,2000,3800,2000,B,2667040,7.07,2866967,7.07
2867980,10:00:19,7.06,500,26500,1000,S,2867979,7.06,2799784,7.06
2871273,10:00:22,7.06,5400,26500,5400,B,2867979,7.06,2871272,7.06
2884168,10:00:35,7.05,100,100,500,S,2884167,7.05,792353,7.05
2885572,10:00:36,7.06,700,26500,700,B,2867979,7.06,2885571,7.06
2889638,10:00:41,7.05,400,20700,500,S,2889637,7.05,792353,7.05
2889639,10:00:41,7.05,1000,20700,1000,S,2889637,7.05,1314393,7.05
2889640,10:00:41,7.05,5000,20700,5000,S,2889637,7.05,1484659,7.05
2889641,10:00:41,7.05,100,20700,100,S,2889637,7.05,1644873,7.05
2889642,10:00:41,7.05,200,20700,200,S,2889637,7.05,2868889,7.05
2898853,10:00:50,7.04,2000,2000,5000,S,2898852,7.04,1128541,7.04
2922934,10:01:14,7.04,1100,1100,5000,S,2922933,7.04,1128541,7.04
2925548,10:01:17,7.04,1000,1000,5000,S,2925547,7.04,1128541,7.04
2932884,10:01:24,7.04,600,600,5000,S,2932883,7.04,1128541,7.04
2934759,10:01:26,7.05,5000,20700,5000,B,2889637,7.05,2934758,7.05
2952223,10:01:45,7.05,5000,20700,5000,B,2889637,7.05,2952222,7.05
2952589,10:01:45,7.04,300,300,5000,S,2952588,7.04,1128541,7.04
2952842,10:01:45,7.04,500,1000,500,S,2952841,7.04,1468330,7.04
2952843,10:01:45,7.04,300,1000,300,S,2952841,7.04,2296465,7.04
2953768,10:01:46,7.04,200,1000,1700,B,2952841,7.04,2953767,7.05
2953769,10:01:46,7.05,1500,20700,1700,B,2889637,7.05,2953767,7.05
2966630,10:01:59,7.05,1800,20700,1800,B,2889637,7.05,2966629,7.05
2978049,10:02:11,7.05,700,20700,1000,B,2889637,7.05,2978048,7.05
2978050,10:02:11,7.05,300,1000,1000,B,2961225,7.05,2978048,7.05
2980037,10:02:14,7.04,700,1000,700,S,2980036,7.04,2962230,7.04
3000210,10:02:35,7.04,300,1000,1000,B,2980036,7.04,3000209,7.04
3006895,10:02:42,7.04,700,1000,1000,S,3006894,7.04,3000209,7.04
3023243,10:02:59,7.04,100,1000,100,B,3006894,7.04,3023242,7.04
3023406,10:03:00,7.04,200,1000,5000,B,3006894,7.04,3023405,7.04
3029719,10:03:06,7.04,1000,1000,5000,S,3029718,7.04,3023405,7.04
3057785,10:03:36,7.04,600,600,5000,S,3057784,7.04,3023405,7.04
3060105,10:03:38,7.05,300,1000,300,B,2961225,7.05,3060104,7.05
3061046,10:03:39,7.04,3200,4000,5000,S,3061045,7.04,3023405,7.04
3061047,10:03:39,7.04,800,4000,1000,S,3061045,7.04,3024021,7.04
3068266,10:03:47,7.04,200,1000,1000,S,3068265,7.03,3024021,7.04
3068267,10:03:47,7.03,500,1000,500,S,3068265,7.03,647793,7.03
3068268,10:03:47,7.03,300,1000,5000,S,3068265,7.03,696058,7.03
3080793,10:04:01,7.03,400,400,5000,S,3080792,7.03,696058,7.03
3109859,10:04:36,7.04,1000,1000,6300,B,3096000,7.04,3109858,7.04
3117951,10:04:46,7.05,400,1000,5400,B,2961225,7.05,3117950,7.06
3117952,10:04:46,7.06,5000,26500,5400,B,2867979,7.06,3117950,7.06
3132804,10:05:03,7.06,200,26500,200,B,2867979,7.06,3132803,7.06
3132889,10:05:04,7.04,1000,1000,6300,S,3132888,7.04,3109858,7.04
3147574,10:05:22,7.04,1100,1100,6300,S,3147573,7.04,3109858,7.04
3154238,10:05:31,7.04,500,500,6300,S,3154237,7.04,3109858,7.04
3179209,10:06:02,7.06,500,26500,500,B,2867979,7.06,3179208,7.06
3179568,10:06:02,7.04,1100,1100,6300,S,3179567,7.04,3109858,7.04
3181552,10:06:04,7.04,1000,1000,6300,S,3181551,7.04,3109858,7.04
3203299,10:06:30,7.04,600,1000,6300,S,3203298,7.04,3109858,7.04
3203300,10:06:30,7.04,400,1000,14300,S,3203298,7.04,3144817,7.04
3204114,10:06:31,7.06,100,26500,100,B,2867979,7.06,3204113,7.06
3210587,10:06:40,7.04,900,900,14300,S,3210586,7.04,3144817,7.04
3211445,10:06:41,7.04,1000,1000,14300,S,3211444,7.04,3144817,7.04
3211753,10:06:41,7.06,100,26500,100,B,2867979,7.06,3211752,7.06
3230969,10:07:04,7.04,1000,1000,14300,S,3230968,7.04,3144817,7.04
3250969,10:07:28,7.06,6000,26500,6000,B,2867979,7.06,3250968,7.06
3262767,10:07:42,7.05,400,400,1100,S,3262766,7.05,3255692,7.05
3322346,10:08:49,7.05,700,8480,1100,S,3322345,7.05,3255692,7.05
3322347,10:08:49,7.05,5000,8480,5000,S,3322345,7.05,3274567,7.05
3350237,10:09:18,7.05,2780,8480,8800,B,3322345,7.05,3350236,7.06
3350238,10:09:18,7.05,1000,1000,8800,B,3344249,7.05,3350236,7.06
3350239,10:09:18,7.06,5020,26500,8800,B,2867979,7.06,3350236,7.06
3365670,10:09:32,7.06,2100,26500,2100,B,2867979,7.06,3365669,7.06
3417763,10:10:24,7.05,1000,1000,2100,S,3417762,7.05,3395106,7.05
3433850,10:10:44,7.05,1000,1000,2100,S,3433849,7.05,3395106,7.05
3446103,10:10:59,7.05,100,100,2100,S,3446102,7.05,3395106,7.05
3447733,10:11:00,7.06,880,26500,1000,B,2867979,7.06,3447732,7.06
3447734,10:11:00,7.06,120,1000,1000,B,2884906,7.06,3447732,7.06
3456046,10:11:11,7.05,1000,1000,1000,S,3456045,7.05,3418163,7.05
3506417,10:12:17,7.06,100,1000,100,B,2884906,7.06,3506416,7.06
3567720,10:13:41,7.05,1100,1100,1900,S,3567719,7.05,3499496,7.05
3567796,10:13:41,7.05,800,4000,1900,S,3567795,7.05,3499496,7.05
3567797,10:13:41,7.05,3200,4000,4000,S,3567795,7.05,3549963,7.05
3572571,10:13:47,7.06,780,1000,6100,B,2884906,7.06,3572570,7.06
3572572,10:13:47,7.06,1000,1000,6100,B,2901140,7.06,3572570,7.06
3572573,10:13:47,7.06,4320,4400,6100,B,3380072,7.06,3572570,7.06
3590897,10:14:13,7.06,80,4400,500,B,3380072,7.06,3590896,7.06
3632398,10:15:08,7.06,420,1000,500,S,3632397,7.06,3590896,7.06
3656173,10:15:36,7.05,800,15100,4000,S,3656172,7.05,3549963,7.05
3656174,10:15:36,7.05,2800,15100,2800,S,3656172,7.05,3559407,7.05
3656175,10:15:36,7.05,11200,15100,11200,S,3656172,7.05,3576418,7.05
3656176,10:15:36,7.05,300,15100,300,S,3656172,7.05,3593359,7.05
3683251,10:16:10,7.04,5900,5900,14300,S,3683250,7.04,3144817,7.04
3707844,10:16:43,7.04,1000,1000,14300,S,3707843,7.04,3144817,7.04
3709949,10:16:46,7.04,4000,4000,14300,S,3709948,7.04,3144817,7.04
3717341,10:16:56,7.04,100,10800,14300,S,3717340,7.03,3144817,7.04
3717342,10:16:56,7.04,500,10800,500,S,3717340,7.03,3698846,7.04
3717343,10:16:56,7.03,4300,10800,5000,S,3717340,7.03,696058,7.03
3717344,10:16:56,7.03,500,10800,500,S,3717340,7.03,828733,7.03
3717345,10:16:56,7.03,100,10800,100,S,3717340,7.03,1209308,7.03
3717346,10:16:56,7.03,1000,10800,1000,S,3717340,7.03,2771555,7.03
3717347,10:16:56,7.03,1000,10800,1000,S,3717340,7.03,3084345,7.03
3717348,10:16:56,7.03,1000,10800,1000,S,3717340,7.03,3205138,7.03
3717349,10:16:56,7.03,1000,10800,1000,S,3717340,7.03,3593039,7.03
3732825,10:17:16,7.03,1100,10800,1100,B,3717340,7.03,3732824,7.03
3733005,10:17:16,7.03,100,10800,100,B,3717340,7.03,3733004,7.03
3738897,10:17:24,7.03,100,10800,100,B,3717340,7.03,3738896,7.03
3741300,10:17:27,7.02,5000,28200,5000,S,3741299,7.02,578860,7.02
3741301,10:17:27,7.02,3000,28200,3000,S,3741299,7.02,1484709,7.02
3741302,10:17:27,7.02,2900,28200,2900,S,3741299,7.02,3040111,7.02
3741303,10:17:27,7.02,2000,28200,2000,S,3741299,7.02,3087489,7.02
3741579,10:17:27,7.02,1000,28200,1000,B,3741299,7.02,3741578,7.02
3761720,10:17:52,7.01,500,2600,500,S,3761719,7.01,527632,7.01
3761721,10:17:52,7.01,200,2600,200,S,3761719,7.01,1297727,7.01
3761722,10:17:52,7.01,400,2600,400,S,3761719,7.01,1768780,7.01
3761723,10:17:52,7.01,400,2600,400,S,3761719,7.01,2175761,7.01
3761724,10:17:52,7.01,1100,2600,2200,S,3761719,7.01,2292175,7.01
3769474,10:18:02,7.02,1000,28200,1000,B,3741299,7.02,3769473,7.02
3772253,10:18:06,7.02,13300,28200,20000,B,3741299,7.02,3772252,7.02
3772254,10:18:06,7.02,3000,3000,20000,B,3755446,7.02,3772252,7.02
3793793,10:18:35,7.02,1000,1000,20000,S,3793792,7.02,3772252,7.02
3823858,10:19:19,7.04,500,1000,500,B,3730584,7.04,3823857,7.04
3843172,10:19:47,7.04,500,1000,5000,B,3730584,7.04,3843171,7.04
3843173,10:19:47,7.04,1000,1000,5000,B,3739295,7.04,3843171,7.04
3843174,10:19:47,7.04,1000,1000,5000,B,3748681,7.04,3843171,7.04
3847611,10:19:53,7.04,2500,2800,5000,S,3847610,7.04,3843171,7.04
3850490,10:19:58,7.02,1000,1000,20000,S,3850489,7.02,3772252,7.02
3852623,10:20:00,7.04,200,2800,200,B,3847610,7.04,3852622,7.04
3858560,10:20:09,7.02,1000,1000,20000,S,3858559,7.02,3772252,7.02
3867315,10:20:21,7.04,100,2800,100,B,3847610,7.04,3867314,7.04
3868080,10:20:22,7.02,700,1000,20000,S,3868079,7.02,3772252,7.02
3868081,10:20:22,7.02,300,1000,1600,S,3868079,7.02,3793548,7.02
3884391,10:20:45,7.03,800,1100,800,S,3884390,7.02,3880629,7.03
3884392,10:20:45,7.02,300,1100,1600,S,3884390,7.02,3793548,7.02
3893888,10:21:00,7.02,1000,1000,1600,S,3893887,7.02,3793548,7.02
3993158,10:23:24,7.03,1000,1000,10000,S,3993157,7.03,3982338,7.03
3997156,10:23:29,7.03,3400,3400,10000,S,3997155,7.03,3982338,7.03
3999056,10:23:32,7.03,5600,22600,10000,S,3999055,7.03,3982338,7.03
4004845,10:23:40,7.02,1000,1000,1000,S,4004844,7.02,3795068,7.02
4033075,10:24:21,7.02,1000,29200,1000,S,4033074,7,3867733,7.02
4033076,10:24:21,7.02,500,29200,500,S,4033074,7,3960540,7.02
4033077,10:24:21,7.02,1200,29200,1200,S,4033074,7,4008393,7.02
4033078,10:24:21,7.01,1100,29200,2200,S,4033074,7,2292175,7.01
4033079,10:24:21,7.01,1200,29200,1200,S,4033074,7,3091302,7.01
4033080,10:24:21,7.01,2000,29200,2000,S,4033074,7,3275512,7.01
4033081,10:24:21,7.01,2000,29200,2000,S,4033074,7,3394222,7.01
4033082,10:24:21,7.01,8100,29200,8100,S,4033074,7,3766130,7.01
4033083,10:24:21,7.01,600,29200,600,S,4033074,7,3851722,7.01
4033084,10:24:21,7.01,1000,29200,1000,S,4033074,7,3887003,7.01
4033085,10:24:21,7,3000,29200,3000,S,4033074,7,336818,7
4033086,10:24:21,7,1000,29200,1000,S,4033074,7,450970,7
4033087,10:24:21,7,5000,29200,5000,S,4033074,7,471935,7
4033088,10:24:21,7,1500,29200,10500,S,4033074,7,507663,7
4041872,10:24:34,7,500,500,10500,S,4041871,7,507663,7
4061795,10:25:02,7.01,1200,45200,1200,S,4061794,7,4042823,7.01
4061796,10:25:02,7,8500,45200,10500,S,4061794,7,507663,7
4061797,10:25:02,7,500,45200,500,S,4061794,7,529087,7
4061798,10:25:02,7,3000,45200,3000,S,4061794,7,564237,7
4061799,10:25:02,7,7400,45200,7400,S,4061794,7,572296,7
4061800,10:25:02,7,800,45200,800,S,4061794,7,646018,7
4061801,10:25:02,7,10000,45200,10000,S,4061794,7,647101,7
4061802,10:25:02,7,1000,45200,1000,S,4061794,7,687746,7
4061803,10:25:02,7,1500,45200,1500,S,4061794,7,883088,7
4061804,10:25:02,7,1000,45200,1000,S,4061794,7,2107137,7
4061805,10:25:02,7,1000,45200,1000,S,4061794,7,2304778,7
4061806,10:25:02,7,2000,45200,2000,S,4061794,7,2499990,7
4061807,10:25:02,7,200,45200,200,S,4061794,7,2609185,7
4061808,10:25:02,7,1700,45200,1700,S,4061794,7,2818116,7
4061809,10:25:02,7,500,45200,500,S,4061794,7,2993657,7
4061810,10:25:02,7,800,45200,800,S,4061794,7,3750952,7
4061811,10:25:02,7,4100,45200,5000,S,4061794,7,4017393,7
4078225,10:25:26,7.02,1600,1600,50300,B,4068519,7.02,4078224,7.02
4099261,10:25:59,7.02,1300,1300,50300,S,4099260,7.02,4078224,7.02
4101392,10:26:02,7.02,16000,16000,50300,S,4101391,7.02,4078224,7.02
4140390,10:27:03,7.03,1200,22600,1200,B,3999055,7.03,4140389,7.03
4187155,10:28:16,7.02,5000,5000,50300,S,4187154,7.02,4078224,7.02
4191846,10:28:24,7.03,1000,22600,1000,B,3999055,7.03,4191845,7.03
4218692,10:29:04,7.02,5000,5000,50300,S,4218691,7.02,4078224,7.02
4228508,10:29:19,7.03,1100,22600,1100,B,3999055,7.03,4228507,7.03
4269600,10:30:24,7.03,4200,22600,4200,B,3999055,7.03,4269599,7.03
4274281,10:30:31,7.03,400,22600,400,B,3999055,7.03,4274280,7.03
4278898,10:30:39,7.03,9100,22600,10000,B,3999055,7.03,4278897,7.03
4278899,10:30:39,7.03,900,1000,10000,B,4017738,7.03,4278897,7.03
4302163,10:31:16,7.02,1400,1400,50300,S,4302162,7.02,4078224,7.02
4364734,10:32:55,7.02,200,200,50300,S,4364733,7.02,4078224,7.02
4373727,10:33:08,7.02,9200,9200,50300,S,4373726,7.02,4078224,7.02
4387804,10:33:27,7.03,100,1000,200,B,4017738,7.03,4387803,7.03
4387805,10:33:27,7.03,100,4000,200,B,4168302,7.03,4387803,7.03
4396978,10:33:39,7.03,300,4000,300,B,4168302,7.03,4396977,7.03
4448024,10:34:40,7.02,10000,10000,50300,S,4448023,7.02,4078224,7.02
4470762,10:35:06,7.02,600,700,50300,S,4470761,7.02,4078224,7.02
4470763,10:35:06,7.02,100,700,100,S,4470761,7.02,4205464,7.02
4488801,10:35:27,7.01,500,21800,500,S,4488800,7.01,4071284,7.01
4488802,10:35:27,7.01,20000,21800,20000,S,4488800,7.01,4075138,7.01
4491946,10:35:30,7.01,100,21800,100,B,4488800,7.01,4491945,7.01
4501223,10:35:40,7.01,800,21800,800,B,4488800,7.01,4501222,7.01
4513765,10:35:54,7.01,100,21800,100,B,4488800,7.01,4513764,7.01
4548166,10:36:37,7.01,100,21800,100,B,4488800,7.01,4548165,7.01
4555576,10:36:48,7,900,1800,5000,S,4555575,6.99,4017393,7
4555577,10:36:48,6.99,900,1800,1600,S,4555575,6.99,4245324,6.99
4558696,10:36:53,7,2400,2400,20000,S,4558695,7,4558314,7
4562040,10:36:57,7.01,100,21800,100,B,4488800,7.01,4562039,7.01
4570509,10:37:09,7,17600,21800,20000,S,4570508,7,4558314,7
4570510,10:37:09,7,700,21800,700,S,4570508,7,4560376,7
4574053,10:37:14,7,1000,21800,1000,B,4570508,7,4574052,7
4574174,10:37:14,6.99,700,1000,1600,S,4574173,6.98,4245324,6.99
4574175,10:37:14,6.98,200,1000,200,S,4574173,6.98,549693,6.98
4574176,10:37:14,6.98,100,1000,4400,S,4574173,6.98,1521855,6.98
4579516,10:37:22,7,300,21800,300,B,4570508,7,4579515,7
4593158,10:37:43,6.98,1000,1000,4400,S,4593157,6.98,1521855,6.98
4597438,10:37:50,6.98,1300,1300,4400,S,4597437,6.98,1521855,6.98
4600182,10:37:54,6.98,1700,1700,4400,S,4600181,6.98,1521855,6.98
4603033,10:37:58,7,400,21800,400,B,4570508,7,4603032,7
4619430,10:38:25,7,100,21800,100,B,4570508,7,4619429,7
4627262,10:38:39,6.98,300,300,4400,S,4627261,6.98,1521855,6.98
4629780,10:38:43,7,100,21800,100,B,4570508,7,4629779,7
4632332,10:38:47,7,300,21800,300,B,4570508,7,4632331,7
4644490,10:39:09,7,500,21800,500,B,4570508,7,4644489,7
4645803,10:39:11,7,300,21800,300,B,4570508,7,4645802,7
4657266,10:39:29,6.99,100,100,600,S,4657265,6.99,4641382,6.99
4660540,10:39:35,7,100,21800,100,B,4570508,7,4660539,7
4661451,10:39:36,6.99,200,200,600,S,4661450,6.99,4641382,6.99
4684983,10:40:09,7,400,21800,2000,B,4570508,7,4684982,7
4684984,10:40:09,7,200,200,2000,B,4572165,7,4684982,7
4684985,10:40:09,7,1000,1000,2000,B,4582037,7,4684982,7
4702246,10:40:35,7.01,100,21800,1000,B,4488800,7.01,4702245,7.01
4711827,10:40:48,7.03,1000,4000,1000,B,4168302,7.03,4711826,7.03
4716385,10:40:55,7.03,2600,4000,3000,B,4168302,7.03,4716384,7.03
4719614,10:40:59,7.03,400,5400,3000,S,4719613,7.01,4716384,7.03
4719615,10:40:59,7.01,900,5400,1000,S,4719613,7.01,4702245,7.01
4719616,10:40:59,7.01,4100,5400,5000,S,4719613,7.01,4706141,7.01
4741727,10:41:29,7.02,1000,1000,3000,B,4726066,7.02,4741726,7.02
4772397,10:42:14,7.03,5000,16500,5000,B,4754615,7.03,4772396,7.03
4776953,10:42:21,7.03,3000,16500,3000,B,4754615,7.03,4776952,7.03
4781254,10:42:28,7.02,200,200,3000,S,4781253,7.02,4741726,7.02
4781605,10:42:29,7.03,3000,16500,3000,B,4754615,7.03,4781604,7.03
4794298,10:42:49,7.03,3000,16500,3000,B,4754615,7.03,4794297,7.03
4795556,10:42:51,7.03,100,16500,100,B,4754615,7.03,4795555,7.03
4798097,10:42:56,7.03,2400,16500,5000,B,4754615,7.03,4798096,7.03
4806458,10:43:09,7.04,2000,5000,2000,B,3932944,7.04,4806457,7.04
4849542,10:44:24,7.03,2600,5000,5000,S,4849541,7.03,4798096,7.03
4849543,10:44:24,7.03,500,5000,500,S,4849541,7.03,4803556,7.03
4849544,10:44:24,7.03,1000,5000,1000,S,4849541,7.03,4829441,7.03
4849545,10:44:24,7.03,900,5000,2000,S,4849541,7.03,4839871,7.03
4861086,10:44:44,7.03,1100,1400,2000,S,4861085,7.03,4839871,7.03
4862129,10:44:46,7.03,300,1400,1000,B,4861085,7.03,4862128,7.03
4862919,10:44:47,7.03,700,700,1000,S,4862918,7.03,4862128,7.03
4888102,10:45:32,7.04,1000,5000,1000,B,3932944,7.04,4888101,7.04
4893340,10:45:42,7.04,2000,5000,3000,B,3932944,7.04,4893339,7.04
4893341,10:45:42,7.04,1000,2000,3000,B,4857298,7.04,4893339,7.04
4896221,10:45:48,7.04,1000,2000,2000,B,4857298,7.04,4896220,7.04
4903841,10:46:03,7.04,1000,9300,2000,S,4903840,7.04,4896220,7.04
4903842,10:46:03,7.04,2000,9300,2000,S,4903840,7.04,4899452,7.04
4907108,10:46:09,7.04,300,9300,300,B,4903840,7.04,4907107,7.04
4928825,10:46:53,7.04,500,9300,500,B,4903840,7.04,4928824,7.04
4972807,10:48:25,7.04,2000,9300,2000,B,4903840,7.04,4972806,7.04
4975668,10:48:30,7.04,3000,9300,3000,B,4903840,7.04,4975667,7.04
4978556,10:48:36,7.04,500,9300,2000,B,4903840,7.04,4978555,7.04
4997570,10:49:10,7.05,500,500,3000,B,4543493,7.05,4997569,7.05
4997571,10:49:10,7.05,2500,5000,3000,B,4727846,7.05,4997569,7.05
5000918,10:49:16,7.05,2000,5000,2000,B,4727846,7.05,5000917,7.05
5026959,10:49:57,7.05,500,5000,2900,B,4727846,7.05,5026958,7.05
5033336,10:50:06,7.05,2400,8300,2900,S,5033335,7.05,5026958,7.05
5053496,10:50:35,7.05,4100,8300,4100,B,5033335,7.05,5053495,7.05
5056583,10:50:40,7.05,100,8300,100,B,5033335,7.05,5056582,7.05
5077881,10:51:10,7.05,100,8300,100,B,5033335,7.05,5077880,7.05
5098438,10:51:40,7.05,100,8300,100,B,5033335,7.05,5098437,7.05
5117944,10:52:10,7.05,100,8300,100,B,5033335,7.05,5117943,7.05
5119482,10:52:13,7.05,1100,8300,1100,B,5033335,7.05,5119481,7.05
5129550,10:52:29,7.05,100,8300,100,B,5033335,7.05,5129549,7.05
5136058,10:52:40,7.05,100,8300,100,B,5033335,7.05,5136057,7.05
5154877,10:53:10,7.05,100,8300,100,B,5033335,7.05,5154876,7.05
5161073,10:53:21,7.04,700,700,2000,S,5161072,7.04,4978555,7.04
5163999,10:53:27,7.04,800,19500,2000,S,5163998,7.04,4978555,7.04
5164000,10:53:27,7.04,100,19500,100,S,5163998,7.04,5008244,7.04
5171390,10:53:40,7.04,100,19500,100,B,5163998,7.04,5171389,7.04
5187441,10:54:10,7.04,100,19500,100,B,5163998,7.04,5187440,7.04
5202552,10:54:40,7.04,100,19500,100,B,5163998,7.04,5202551,7.04
5217515,10:55:10,7.04,100,19500,100,B,5163998,7.04,5217514,7.04
5232789,10:55:40,7.04,100,19500,100,B,5163998,7.04,5232788,7.04
5248530,10:56:10,7.04,100,19500,100,B,5163998,7.04,5248529,7.04
5257906,10:56:29,7.03,1300,2400,1300,S,5257905,7.03,5070316,7.03
5263623,10:56:40,7.03,100,2400,100,B,5257905,7.03,5263622,7.03
5279234,10:57:10,7.03,100,2400,100,B,5257905,7.03,5279233,7.03
5280181,10:57:12,7.03,300,2400,300,B,5257905,7.03,5280180,7.03
5294151,10:57:38,7.03,400,2400,400,B,5257905,7.03,5294150,7.03
5295351,10:57:40,7.02,1800,2200,3000,S,5295350,7.02,4741726,7.02
5295352,10:57:40,7.02,400,2200,3000,S,5295350,7.02,4743875,7.02
5295517,10:57:40,7.03,100,2400,100,B,5257905,7.03,5295516,7.03
5304848,10:57:58,7.02,1000,1000,3000,S,5304847,7.02,4743875,7.02
5307307,10:58:02,7.03,100,2400,1300,B,5257905,7.03,5307306,7.03
5307308,10:58:02,7.03,400,400,1300,B,5279415,7.03,5307306,7.03
5312268,10:58:11,7.03,800,1100,1300,S,5312267,7.02,5307306,7.03
5312269,10:58:11,7.02,300,1100,3000,S,5312267,7.02,4743875,7.02
5317551,10:58:21,7.02,1000,1000,3000,S,5317550,7.02,4743875,7.02
5319296,10:58:24,7.04,3000,19500,3000,B,5163998,7.04,5319295,7.04
5322153,10:58:30,7.04,2000,19500,2000,B,5163998,7.04,5322152,7.04
5325960,10:58:37,7.04,5000,19500,5000,B,5163998,7.04,5325959,7.04
5328882,10:58:43,7.04,5000,19500,5000,B,5163998,7.04,5328881,7.04
5331921,10:58:49,7.04,3000,19500,3000,B,5163998,7.04,5331920,7.04
5349716,10:59:24,7.03,1000,1000,1600,B,5332086,7.03,5349715,7.03
5349717,10:59:24,7.03,600,1000,1600,B,5337228,7.03,5349715,7.03
5354109,10:59:33,7.02,100,100,3000,S,5354108,7.02,4743875,7.02
5401741,11:01:17,7.03,400,1000,1600,B,5337228,7.03,5401740,7.03
5401742,11:01:17,7.03,1200,8200,1600,B,5391849,7.03,5401740,7.03
5418565,11:01:55,7.02,200,18100,3000,S,5418564,7.01,4743875,7.02
5418566,11:01:55,7.02,3000,18100,3000,S,5418564,7.01,4809033,7.02
5418567,11:01:55,7.02,300,18100,300,S,5418564,7.01,5364886,7.02
5418568,11:01:55,7.02,1400,18100,1400,S,5418564,7.01,5410644,7.02
5418569,11:01:55,7.01,900,18100,5000,S,5418564,7.01,4706141,7.01
5418570,11:01:55,7.01,10000,18100,10000,S,5418564,7.01,4718984,7.01
5423960,11:02:08,7.01,100,18100,100,B,5418564,7.01,5423959,7.01
5440859,11:02:49,7.01,2200,18100,5000,B,5418564,7.01,5440858,7.01
5448244,11:03:08,7.03,2000,8200,2000,B,5391849,7.03,5448243,7.03
5450567,11:03:14,7.03,3000,8200,3000,B,5391849,7.03,5450566,7.03
5452845,11:03:20,7.03,2000,8200,2000,B,5391849,7.03,5452844,7.03
5458160,11:03:33,7.04,2000,10000,2000,B,5409427,7.04,5458159,7.04
5463727,11:03:46,7.04,2000,10000,2000,B,5409427,7.04,5463726,7.04
5464529,11:03:48,7.03,1000,1000,3000,S,5464528,7.03,5455476,7.03
5466017,11:03:51,7.04,3000,10000,3000,B,5409427,7.04,5466016,7.04
5470638,11:04:03,7.04,2000,10000,2000,B,5409427,7.04,5470637,7.04
5471349,11:04:05,7.03,1200,1200,3000,S,5471348,7.03,5455476,7.03
5478424,11:04:21,7.04,1000,10000,5000,B,5409427,7.04,5478423,7.04
5481216,11:04:28,7.04,1000,1000,5000,S,5481215,7.04,5478423,7.04
5486371,11:04:41,7.04,3000,6000,5000,S,5486370,7.04,5478423,7.04
5513156,11:05:42,7.03,100,100,3000,S,5513155,7.03,5455476,7.03
5573734,11:07:52,7.03,700,7900,3000,S,5573733,7.01,5455476,7.03
5573735,11:07:52,7.01,2800,7900,5000,S,5573733,7.01,5440858,7.01
5573736,11:07:52,7.01,4400,7900,10000,S,5573733,7.01,5444013,7.01
5591742,11:08:29,7.01,5600,7500,10000,S,5591741,7,5444013,7.01
5591743,11:08:29,7.01,500,7500,500,S,5591741,7,5465981,7.01
5591744,11:08:29,7,400,7500,2000,S,5591741,7,4684982,7
5591745,11:08:29,7,1000,7500,2900,S,5591741,7,4750265,7
5591766,11:08:29,7,1800,1800,2900,S,5591765,7,4750265,7
5621483,11:09:30,7,100,14200,2900,S,5621482,7,4750265,7
5621484,11:09:30,7,1500,14200,1500,S,5621482,7,4850472,7
5621485,11:09:30,7,5000,14200,5000,S,5621482,7,5319005,7
5627353,11:09:42,7,3100,14200,3100,B,5621482,7,5627352,7
5628127,11:09:44,7,1600,14200,1600,B,5621482,7,5628126,7
5629506,11:09:47,7,1000,14200,1000,B,5621482,7,5629505,7
5631438,11:09:51,6.99,300,5400,600,S,5631437,6.99,4641382,6.99
5631439,11:09:51,6.99,1000,5400,1000,S,5631437,6.99,4647976,6.99
5631440,11:09:51,6.99,200,5400,200,S,5631437,6.99,4666405,6.99
5631441,11:09:51,6.99,3900,5400,5000,S,5631437,6.99,4767580,6.99
5645058,11:10:21,7,1400,14200,1400,B,5621482,7,5645057,7
5647300,11:10:26,7,500,14200,1200,B,5621482,7,5647299,7
5653990,11:10:40,7,700,800,1200,S,5653989,7,5647299,7
5659573,11:10:52,7,100,800,5700,B,5653989,7,5659572,7
5687173,11:11:50,7.03,2000,2400,2000,B,5615953,7.03,5687172,7.03
5690114,11:11:56,7.03,400,2400,3000,B,5615953,7.03,5690113,7.03
5697537,11:12:13,7.04,3000,6000,3000,B,5486370,7.04,5697536,7.04
5708993,11:12:39,7.03,200,200,3000,S,5708992,7.03,5690113,7.03
5765194,11:14:36,7.05,200,500,200,B,5154894,7.05,5765193,7.05
5808872,11:16:09,7.04,1000,2400,1000,B,5777215,7.04,5808871,7.04
5831825,11:16:53,7.04,1400,2400,4400,B,5777215,7.04,5831824,7.04
5831826,11:16:53,7.04,2600,2600,4400,B,5808523,7.04,5831824,7.04
5875528,11:18:13,7.04,400,1000,4400,S,5875527,7.04,5831824,7.04
5905913,11:19:05,7.04,600,1000,2000,B,5875527,7.04,5905912,7.04
5905914,11:19:05,7.04,1400,1400,2000,B,5882663,7.04,5905912,7.04
5909464,11:19:11,7.03,1800,1800,3000,S,5909463,7.03,5690113,7.03
5931643,11:19:48,7.03,600,2600,3000,S,5931642,7.03,5690113,7.03
5931644,11:19:48,7.03,2000,2600,2000,S,5931642,7.03,5693115,7.03
5933518,11:19:51,7.03,1000,25512,1000,B,5932200,7.03,5933517,7.03
5985808,11:21:18,7.01,500,1000,500,S,5985807,7.01,5811746,7.01
5995203,11:21:35,7.01,500,1000,25000,B,5985807,7.01,5995202,7.03
5995204,11:21:35,7.03,24500,25512,25000,B,5932200,7.03,5995202,7.03
6053524,11:23:18,7.03,12,25512,10000,B,5932200,7.03,6053523,7.03
6053525,11:23:18,7.03,500,500,10000,B,6011559,7.03,6053523,7.03
6053526,11:23:18,7.03,9488,30000,10000,B,6034242,7.03,6053523,7.03
6056813,11:23:24,7.03,3000,30000,3000,B,6034242,7.03,6056812,7.03
6065303,11:23:40,7.03,3000,30000,3000,B,6034242,7.03,6065302,7.03
6095847,11:24:42,7.03,14512,30000,43800,B,6034242,7.03,6095846,7.03
6095848,11:24:42,7.03,29288,30000,43800,B,6061046,7.03,6095846,7.03
6104827,11:25:02,7,5600,50000,5700,S,6104826,7,5659572,7
6104828,11:25:02,7,500,50000,500,S,6104826,7,5667709,7
6104829,11:25:02,7,1900,50000,1900,S,6104826,7,5820555,7
6113902,11:25:21,7,10000,50000,10000,B,6104826,7,6113901,7
6122799,11:25:40,7,1000,50000,1000,B,6104826,7,6122798,7
6123403,11:25:41,7,3000,50000,3000,B,6104826,7,6123402,7
6135038,11:26:07,6.99,1100,1500,5000,S,6135037,6.99,4767580,6.99
6135039,11:26:07,6.99,200,1500,200,S,6135037,6.99,4788053,6.99
6135040,11:26:07,6.99,200,1500,2300,S,6135037,6.99,5499260,6.99
6143700,11:26:26,7,1000,50000,1000,B,6104826,7,6143699,7
6189507,11:28:04,7,800,50000,800,B,6104826,7,6189506,7
6190658,11:28:07,7,3300,50000,3300,B,6104826,7,6190657,7
6199078,11:28:27,7,9100,50000,9100,B,6104826,7,6199077,7
6225905,11:29:32,7,10000,50000,10000,B,6104826,7,6225904,7
6227158,11:29:35,6.99,2100,2100,2300,S,6227157,6.99,5499260,6.99
6228595,11:29:39,7,1900,50000,1900,B,6104826,7,6228594,7
6229362,11:29:41,7,1900,50000,11000,B,6104826,7,6229361,7
6229363,11:29:41,7,9100,10000,11000,B,6203786,7,6229361,7
6233369,11:29:52,7,300,10000,300,B,6203786,7,6233368,7
6236986,13:00:00,7,200,10000,200,B,6203786,7,6236985,7
6237881,13:00:00,7,400,10000,3000,B,6203786,7,6237880,7
6253939,13:00:00,7.01,700,3200,700,S,6253938,7,6245643,7.01
6253940,13:00:00,7,2500,3200,3000,S,6253938,7,6237880,7
6259659,13:00:00,7,100,200,3000,S,6259658,7,6237880,7
6259660,13:00:00,7,100,200,700,S,6259658,7,6240453,7
6265519,13:00:00,7,500,500,700,S,6265518,7,6240453,7
6316975,13:00:24,7.03,712,30000,5200,B,6061046,7.03,6316974,7.03
6316976,13:00:24,7.03,4488,52000,5200,B,6257503,7.03,6316974,7.03
6413253,13:04:48,7,100,3500,700,S,6413252,7,6240453,7
6413254,13:04:48,7,200,3500,200,S,6413252,7,6263114,7
6413255,13:04:48,7,800,3500,800,S,6413252,7,6269541,7
6413256,13:04:48,7,200,3500,200,S,6413252,7,6281180,7
6413257,13:04:48,7,300,3500,300,S,6413252,7,6301597,7
6413258,13:04:48,7,400,3500,400,S,6413252,7,6308560,7
6413259,13:04:48,7,1000,3500,1000,S,6413252,7,6326683,7
6413260,13:04:48,7,500,3500,600,S,6413252,7,6345040,7
6413270,13:04:48,7.03,15000,52000,15000,B,6257503,7.03,6413269,7.03
6434593,13:05:39,7,100,3400,600,S,6434592,7,6345040,7
6434594,13:05:39,7,1000,3400,1000,S,6434592,7,6368937,7
6434595,13:05:39,7,2300,3400,7200,S,6434592,7,6401191,7
6568927,13:10:24,7.02,3600,3600,7100,B,6521469,7.02,6568926,7.02
6568928,13:10:24,7.02,400,400,7100,B,6545343,7.02,6568926,7.02
6568929,13:10:24,7.02,3100,4200,7100,B,6556197,7.02,6568926,7.02
6585546,13:11:01,7.02,100,4200,100,B,6556197,7.02,6585545,7.02
6602184,13:11:37,7,800,800,7200,S,6602183,7,6401191,7
6685085,13:14:26,7.02,500,4200,500,B,6556197,7.02,6685084,7.02
6685455,13:14:27,7.02,500,4200,3000,B,6556197,7.02,6685454,7.02
6685456,13:14:27,7.02,2500,3300,3000,B,6622430,7.02,6685454,7.02
6770209,13:17:17,7.02,800,3300,1500,B,6622430,7.02,6770208,7.03
6770210,13:17:17,7.03,700,52000,1500,B,6257503,7.03,6770208,7.03
6789330,13:17:57,7.03,600,52000,600,B,6257503,7.03,6789329,7.03
6824218,13:19:16,7.03,1000,52000,1000,B,6257503,7.03,6824217,7.03
6845736,13:20:07,7.03,100,52000,100,B,6257503,7.03,6845735,7.03
6892824,13:21:53,7.02,2000,3000,2000,S,6892823,7.02,6806629,7.02
6892825,13:21:53,7.02,500,3000,500,S,6892823,7.02,6842824,7.02
6909110,13:22:25,7.01,800,2600,800,S,6909109,7.01,6629967,7.01
6909111,13:22:25,7.01,1000,2600,1000,S,6909109,7.01,6677560,7.01
6909112,13:22:25,7.01,800,2600,1500,S,6909109,7.01,6810256,7.01
7006736,13:25:29,7.02,500,3000,2100,B,6892823,7.02,7006735,7.02
7006737,13:25:29,7.02,1200,1200,2100,B,6950406,7.02,7006735,7.02
7006738,13:25:29,7.02,400,400,2100,B,6956070,7.02,7006735,7.02
7094490,13:28:11,7.01,700,1700,1500,S,7094489,7.01,6810256,7.01
7157335,13:30:05,7.01,1000,1700,2000,B,7094489,7.01,7157334,7.01
7163987,13:30:17,7.02,500,500,5000,B,7089863,7.02,7163986,7.02
7170779,13:30:29,7.03,3000,52000,3000,B,6257503,7.03,7170778,7.03
7175402,13:30:38,7.03,5000,52000,5000,B,6257503,7.03,7175401,7.03
7176658,13:30:40,7.02,4500,6100,5000,S,7176657,7.02,7163986,7.02
7216125,13:31:53,7.01,1000,5000,2000,S,7216124,7.01,7157334,7.01
7216126,13:31:53,7.01,3000,5000,3000,S,7216124,7.01,7160699,7.01
7229093,13:32:20,7.01,1000,5000,1400,B,7216124,7.01,7229092,7.01
7239656,13:32:42,7.01,400,1800,1400,S,7239655,7.01,7229092,7.01
7243202,13:32:49,7.01,1400,1800,10000,B,7239655,7.01,7243201,7.02
7243203,13:32:49,7.02,1600,6100,10000,B,7176657,7.02,7243201,7.02
7256627,13:33:15,7.03,3000,52000,3000,B,6257503,7.03,7256626,7.03
7274510,13:33:44,7.03,1700,52000,1700,B,6257503,7.03,7274509,7.03
7296588,13:34:20,7.03,500,52000,500,B,6257503,7.03,7296587,7.03
7305189,13:34:35,7.03,7400,52000,7400,B,6257503,7.03,7305188,7.03
7311206,13:34:44,7.03,5000,52000,5000,B,6257503,7.03,7311205,7.03
7322617,13:35:04,7.03,900,52000,900,B,6257503,7.03,7322616,7.03
7338265,13:35:31,7.03,400,52000,400,B,6257503,7.03,7338264,7.03
7463795,13:39:47,7.02,7000,7500,10000,S,7463794,7.02,7243201,7.02
7463796,13:39:47,7.02,500,7500,40000,S,7463794,7.02,7295947,7.02
7465329,13:39:51,7.03,2300,52000,2300,B,6257503,7.03,7465328,7.03
7472315,13:40:06,7.02,2000,2000,40000,S,7472314,7.02,7295947,7.02
7474476,13:40:11,7.03,912,52000,1000,B,6257503,7.03,7474475,7.03
7474477,13:40:11,7.03,88,1500,1000,B,7327589,7.03,7474475,7.03
7563589,13:43:51,7.03,500,1500,500,B,7327589,7.03,7563588,7.03
7567873,13:44:02,7.03,500,1500,500,B,7327589,7.03,7567872,7.03
7576536,13:44:24,7.02,2300,2300,40000,S,7576535,7.02,7295947,7.02
7580731,13:44:35,7.03,412,1500,20000,B,7327589,7.03,7580730,7.03
7580732,13:44:35,7.03,500,500,20000,B,7544609,7.03,7580730,7.03
7632406,13:46:22,7.03,1000,1000,20000,S,7632405,7.03,7580730,7.03
7652640,13:47:00,7.03,5300,5300,20000,S,7652639,7.03,7580730,7.03
7668929,13:47:30,7.03,10300,10300,20000,S,7668928,7.03,7580730,7.03
7677635,13:47:47,7.04,1000,1000,5000,B,7588808,7.04,7677634,7.04
7677636,13:47:47,7.04,1000,1000,5000,B,7673258,7.04,7677634,7.04
7683637,13:47:58,7.04,2900,2900,5000,S,7683636,7.04,7677634,7.04
7706050,13:48:39,7.04,100,3200,5000,S,7706049,7.04,7677634,7.04
7742501,13:49:43,7.03,600,600,20000,S,7742500,7.03,7580730,7.03
7748248,13:49:53,7.03,1000,1000,20000,S,7748247,7.03,7580730,7.03
7755470,13:50:05,7.03,200,200,20000,S,7755469,7.03,7580730,7.03
7807640,13:51:40,7.04,500,3200,500,B,7706049,7.04,7807639,7.04
7808607,13:51:42,7.04,100,3200,100,B,7706049,7.04,7808606,7.04
7859244,13:53:04,7.04,500,3200,500,B,7706049,7.04,7859243,7.04
7922853,13:54:46,7.04,500,3200,500,B,7706049,7.04,7922852,7.04
7955894,13:55:44,7.03,688,1000,20000,S,7955893,7.03,7580730,7.03
7955895,13:55:44,7.03,100,1000,100,S,7955893,7.03,7768628,7.03
7955896,13:55:44,7.03,212,1000,1000,S,7955893,7.03,7931337,7.03
7961632,13:55:54,7.04,1500,3200,5000,B,7706049,7.04,7961631,7.04
7961633,13:55:54,7.04,1700,1700,5000,B,7804983,7.04,7961631,7.04
7961634,13:55:54,7.04,1000,1000,5000,B,7826283,7.04,7961631,7.04
7961635,13:55:54,7.04,200,200,5000,B,7833034,7.04,7961631,7.04
7961636,13:55:54,7.04,600,1000,5000,B,7952773,7.04,7961631,7.04
7964944,13:56:00,7.03,400,400,1000,S,7964943,7.03,7931337,7.03
7965823,13:56:01,7.04,400,1000,5000,B,7952773,7.04,7965822,7.04
7965824,13:56:01,7.04,800,800,5000,B,7956423,7.04,7965822,7.04
7965825,13:56:01,7.04,3000,3000,5000,B,7960671,7.04,7965822,7.04
7976055,13:56:20,7.05,300,500,2000,B,5154894,7.05,7976054,7.05
7976056,13:56:20,7.05,1700,4000,2000,B,6287950,7.05,7976054,7.05
7990124,13:56:46,7.05,500,4000,500,B,6287950,7.05,7990123,7.05
8026570,13:57:50,7.04,700,700,5000,S,8026569,7.04,7965822,7.04
8051947,13:58:36,7.05,300,4000,300,B,6287950,7.05,8051946,7.05
8062601,13:58:55,7.04,100,52200,5000,S,8062600,7.03,7965822,7.04
8062602,13:58:55,7.04,3000,52200,3000,S,8062600,7.03,7969489,7.04
8062603,13:58:55,7.03,388,52200,1000,S,8062600,7.03,7931337,7.03
8062604,13:58:55,7.03,20000,52200,20000,S,8062600,7.03,7986811,7.03
8062605,13:58:55,7.03,28712,52200,50000,S,8062600,7.03,7992911,7.03
8117352,14:00:11,7.03,21288,50000,50000,S,8117351,7.02,7992911,7.03
8117353,14:00:11,7.03,1000,50000,1000,S,8117351,7.02,8087503,7.03
8117354,14:00:11,7.03,600,50000,600,S,8117351,7.02,8103460,7.03
8117355,14:00:11,7.02,27112,50000,40000,S,8117351,7.02,7295947,7.02
8205100,14:01:48,7.03,100,600,100,S,8205099,7.03,8170803,7.03
8214083,14:01:57,7.03,500,600,500,B,8205099,7.03,8214082,7.03
8229439,14:02:14,7.02,8088,20000,40000,S,8229438,7.02,7295947,7.02
8229440,14:02:14,7.02,10000,20000,10000,S,8229438,7.02,7341798,7.02
8238589,14:02:25,7.01,2500,2500,5000,S,8238588,7.01,7250582,7.01
8238649,14:02:25,7.02,500,20000,500,B,8229438,7.02,8238648,7.02
8247537,14:02:36,7.02,600,20000,600,B,8229438,7.02,8247536,7.02
8272260,14:03:11,7.01,1000,1000,5000,S,8272259,7.01,7250582,7.01
8284459,14:03:31,7.01,300,300,5000,S,8284458,7.01,7250582,7.01
8294517,14:03:47,7.02,812,20000,10000,B,8229438,7.02,8294516,7.02
8294518,14:03:47,7.02,800,800,10000,B,8267031,7.02,8294516,7.02
8334014,14:04:59,7.03,1000,1000,5000,S,8334013,7.03,8312376,7.03
8337183,14:05:05,7.04,200,200,200,B,8162134,7.04,8337182,7.04
8385178,14:06:38,7.03,600,600,5000,S,8385177,7.03,8312376,7.03
8435631,14:08:15,7.03,3300,3300,5000,S,8435630,7.03,8312376,7.03
8444525,14:08:34,7.03,100,1000,5000,S,8444524,7.03,8312376,7.03
8444526,14:08:34,7.03,900,1000,3000,S,8444524,7.03,8315754,7.03
8444672,14:08:34,7.03,300,300,3000,S,8444671,7.03,8315754,7.03
8489364,14:10:11,7.03,1800,19700,3000,S,8489363,7.03,8315754,7.03
8489365,14:10:11,7.03,2000,19700,2000,S,8489363,7.03,8321946,7.03
8489366,14:10:11,7.03,2000,19700,2000,S,8489363,7.03,8325777,7.03
8489367,14:10:11,7.03,3000,19700,3000,S,8489363,7.03,8329996,7.03
8489368,14:10:11,7.03,3000,19700,3000,S,8489363,7.03,8338070,7.03
8489369,14:10:11,7.03,5000,19700,5000,S,8489363,7.03,8341973,7.03
8489370,14:10:11,7.03,1000,19700,1000,S,8489363,7.03,8444397,7.03
8507764,14:10:50,7.02,5000,5000,10000,S,8507763,7.02,8294516,7.02
8525506,14:11:25,7.02,1000,1000,10000,S,8525505,7.02,8294516,7.02
8532764,14:11:39,7.02,1800,1800,10000,S,8532763,7.02,8294516,7.02
8562848,14:12:35,7.02,588,2500,10000,S,8562847,7.02,8294516,7.02
8562849,14:12:35,7.02,700,2500,700,S,8562847,7.02,8465876,7.02
8676890,14:15:05,7.02,500,2500,500,B,8562847,7.02,8676889,7.02
8677545,14:15:05,7.01,1000,1000,5000,S,8677544,7.01,7250582,7.01
8733084,14:16:23,7.01,200,1000,5000,S,8733083,7.01,7250582,7.01
8733085,14:16:23,7.01,800,1000,2700,S,8733083,7.01,7396386,7.01
8768482,14:17:13,7.01,1400,1400,2700,S,8768481,7.01,7396386,7.01
8780636,14:17:30,7.01,500,800,2700,S,8780635,7.01,7396386,7.01
8780637,14:17:30,7.01,300,800,1500,S,8780635,7.01,7763415,7.01
8837140,14:19:03,7.02,712,2500,3300,B,8562847,7.02,8837139,7.02
8837141,14:19:03,7.02,200,200,3300,B,8623527,7.02,8837139,7.02
8837142,14:19:03,7.02,500,500,3300,B,8774824,7.02,8837139,7.02
8970242,14:22:47,7.02,500,500,3300,S,8970241,7.02,8837139,7.02
8990682,14:23:16,7.02,1388,3000,3300,S,8990681,7.02,8837139,7.02
8990683,14:23:16,7.02,1612,3000,5200,S,8990681,7.02,8950358,7.02
8995605,14:23:23,7.02,3588,4000,5200,S,8995604,7.02,8950358,7.02
9084680,14:25:12,7.01,1200,2000,1500,S,9084679,7.01,7763415,7.01
9084681,14:25:12,7.01,800,2000,1000,S,9084679,7.01,8749289,7.01
9120696,14:25:54,7.01,200,5000,1000,S,9120695,7.01,8749289,7.01
9120697,14:25:54,7.01,2000,5000,2000,S,9120695,7.01,8858497,7.01
9120698,14:25:54,7.01,2800,5000,7100,S,9120695,7.01,9104592,7.01
9121731,14:25:56,7.01,600,600,7100,S,9121730,7.01,9104592,7.01
9162529,14:26:46,7.02,412,4000,500,B,8995604,7.02,9162528,7.02
9162530,14:26:46,7.02,88,800,500,B,9041865,7.02,9162528,7.02
9170473,14:26:56,7.01,3700,9400,7100,S,9170472,7.01,9104592,7.01
9196608,14:27:28,7,3000,3000,7200,S,9196607,7,6401191,7
9207870,14:27:42,7.01,600,9400,600,B,9170472,7.01,9207869,7.01
9218371,14:27:56,7.01,500,9400,500,B,9170472,7.01,9218370,7.01
9226028,14:28:05,7.01,300,9400,300,B,9170472,7.01,9226027,7.01
9255371,14:28:45,7,1000,1000,7200,S,9255370,7,6401191,7
9260106,14:28:52,7.01,1000,9400,1000,B,9170472,7.01,9260105,7.01
9265233,14:28:59,7.01,3300,9400,4000,B,9170472,7.01,9265232,7.01
9265234,14:28:59,7.01,700,10000,4000,B,9237571,7.01,9265232,7.01
9281333,14:29:22,7.01,2000,10000,2000,B,9237571,7.01,9281332,7.01
9296610,14:29:43,7.01,100,10000,100,B,9237571,7.01,9296609,7.01
9312430,14:30:07,7.01,200,10000,200,B,9237571,7.01,9312429,7.01
9376182,14:31:42,7,100,1300,7200,S,9376181,7,6401191,7
9376183,14:31:42,7,300,1300,300,S,9376181,7,6525560,7
9376184,14:31:42,7,500,1300,500,S,9376181,7,6565557,7
9376185,14:31:42,7,400,1300,1500,S,9376181,7,6652441,7
9392742,14:32:03,7,1000,1000,1500,S,9392741,7,6652441,7
9405760,14:32:21,7.01,4400,10000,4400,B,9237571,7.01,9405759,7.01
9407886,14:32:24,7,100,1100,1500,S,9407885,7,6652441,7
9407887,14:32:24,7,200,1100,200,S,9407885,7,6697068,7
9407888,14:32:24,7,100,1100,100,S,9407885,7,6935161,7
9407889,14:32:24,7,700,1100,700,S,9407885,7,7030903,7
9419901,14:32:39,7.01,1000,10000,1000,B,9237571,7.01,9419900,7.01
9451450,14:33:20,7.01,300,10000,300,B,9237571,7.01,9451449,7.01
9456666,14:33:27,7.01,200,10000,200,B,9237571,7.01,9456665,7.01
9465847,14:33:40,7.01,1100,10000,5000,B,9237571,7.01,9465846,7.01
9465848,14:33:40,7.01,500,500,5000,B,9376623,7.01,9465846,7.01
9465849,14:33:40,7.01,1000,1000,5000,B,9410610,7.01,9465846,7.01
9476527,14:33:56,7.02,200,800,200,B,9041865,7.02,9476526,7.02
9480343,14:34:01,7.01,500,500,5000,S,9480342,7.01,9465846,7.01
9495025,14:34:22,7.02,100,800,100,B,9041865,7.02,9495024,7.02
9518714,14:34:57,7.02,412,800,1700,B,9041865,7.02,9518713,7.02
9518715,14:34:57,7.02,1288,1300,1700,B,9050929,7.02,9518713,7.02
9599745,14:37:03,7.02,12,1300,900,B,9050929,7.02,9599744,7.02
9599746,14:37:03,7.02,400,400,900,B,9102089,7.02,9599744,7.02
9599747,14:37:03,7.02,488,1000,900,B,9127208,7.02,9599744,7.02
9614854,14:37:29,7.01,500,500,5000,S,9614853,7.01,9465846,7.01
9638593,14:38:05,7.01,1200,1200,5000,S,9638592,7.01,9465846,7.01
9651872,14:38:26,7.01,200,3000,5000,S,9651871,7.01,9465846,7.01
9651873,14:38:26,7.01,2800,3000,2800,S,9651871,7.01,9509681,7.01
9675670,14:39:02,7.02,100,1000,100,B,9127208,7.02,9675669,7.02
9687034,14:39:19,7.02,412,1000,2000,B,9127208,7.02,9687033,7.02
9687035,14:39:19,7.02,1588,1700,2000,B,9601052,7.02,9687033,7.02
9694141,14:39:30,7.02,112,1700,500,B,9601052,7.02,9694140,7.02
9754241,14:40:58,7.02,388,600,500,S,9754240,7.02,9694140,7.02
9765374,14:41:13,7.02,212,600,212,B,9754240,7.02,9765373,7.02
9799166,14:42:02,7.03,1900,19700,5000,B,8489363,7.03,9799165,7.03
9799167,14:42:02,7.03,3100,10000,5000,B,8491597,7.03,9799165,7.03
9807357,14:42:15,7.03,6900,10000,6900,B,8491597,7.03,9807356,7.03
9814902,14:42:27,7.04,1000,5000,1000,B,8405873,7.04,9814901,7.04
9818570,14:42:32,7.04,3000,5000,3000,B,8405873,7.04,9818569,7.04
9823487,14:42:40,7.04,1000,5000,5600,B,8405873,7.04,9823486,7.04
9836928,14:43:00,7.05,500,4000,500,B,6287950,7.05,9836927,7.05
9849171,14:43:21,7.05,300,4000,300,B,6287950,7.05,9849170,7.05
9857452,14:43:34,7.05,700,4000,2000,B,6287950,7.05,9857451,7.05
9857453,14:43:34,7.05,1000,1000,2000,B,7660364,7.05,9857451,7.05
9857454,14:43:34,7.05,300,2100,2000,B,7784693,7.05,9857451,7.05
9858280,14:43:36,7.04,4000,4000,5600,S,9858279,7.04,9823486,7.04
9860985,14:43:40,7.05,1000,2100,1000,B,7784693,7.05,9860984,7.05
9866433,14:43:49,7.04,600,4000,5600,S,9866432,7.04,9823486,7.04
9866434,14:43:49,7.04,3000,4000,3000,S,9866432,7.04,9829830,7.04
9866435,14:43:49,7.04,400,4000,400,S,9866432,7.04,9835585,7.04
9867013,14:43:50,7.05,800,2100,3500,B,7784693,7.05,9867012,7.05
9867014,14:43:50,7.05,1500,1500,3500,B,8321297,7.05,9867012,7.05
9867015,14:43:50,7.05,1000,1000,3500,B,9850520,7.05,9867012,7.05
9874955,14:44:03,7.06,100,1000,100,B,3632397,7.06,9874954,7.06
9880927,14:44:12,7.06,200,1000,200,B,3632397,7.06,9880926,7.06
9896631,14:44:36,7.06,280,1000,2000,B,3632397,7.06,9896630,7.06
9896632,14:44:36,7.06,1720,2500,2000,B,4932468,7.06,9896630,7.06
9924574,14:45:19,7.06,780,2500,2900,B,4932468,7.06,9924573,7.06
9924575,14:45:19,7.06,1000,1000,2900,B,8222313,7.06,9924573,7.06
9924576,14:45:19,7.06,1000,1000,2900,B,8609041,7.06,9924573,7.06
9924577,14:45:19,7.06,120,2600,2900,B,9547309,7.06,9924573,7.06
9929738,14:45:25,7.06,300,2600,300,B,9547309,7.06,9929737,7.06
9935123,14:45:32,7.06,2180,2600,2300,B,9547309,7.06,9935122,7.06
9935124,14:45:32,7.06,120,5000,2300,B,9844254,7.06,9935122,7.06
9956598,14:45:58,7.06,400,5000,400,B,9844254,7.06,9956597,7.06
9961587,14:46:04,7.06,4480,5000,11800,B,9844254,7.06,9961586,7.06
9961588,14:46:04,7.06,1000,1000,11800,B,9881446,7.06,9961586,7.06
9961589,14:46:04,7.06,1000,1000,11800,B,9909132,7.06,9961586,7.06
9961590,14:46:04,7.06,5320,12000,11800,B,9938970,7.06,9961586,7.06
9970402,14:46:15,7.05,200,3000,3500,S,9970401,7.05,9867012,7.05
9970403,14:46:15,7.05,2800,3000,3000,S,9970401,7.05,9867772,7.05
9978052,14:46:25,7.05,200,20000,3000,S,9978051,7.05,9867772,7.05
9978053,14:46:25,7.05,2500,20000,2500,S,9978051,7.05,9870901,7.05
9978054,14:46:25,7.05,7000,20000,7000,S,9978051,7.05,9872396,7.05
9978055,14:46:25,7.05,10000,20000,10000,S,9978051,7.05,9878735,7.05
9978056,14:46:25,7.05,300,20000,2200,S,9978051,7.05,9888774,7.05
9998830,14:46:53,7.06,5000,12000,5000,B,9938970,7.06,9998829,7.06
10004873,14:47:00,7.06,1000,12000,1000,B,9938970,7.06,10004872,7.06
10016807,14:47:16,7.05,900,900,2200,S,10016806,7.05,9888774,7.05
10033982,14:47:39,7.06,680,12000,3000,B,9938970,7.06,10033981,7.06
10033983,14:47:39,7.06,1500,1500,3000,B,9963428,7.06,10033981,7.06
10043372,14:47:52,7.06,400,400,3000,S,10043371,7.06,10033981,7.06
10048126,14:47:59,7.07,1500,1500,4000,B,6287421,7.07,10048125,7.07
10048127,14:47:59,7.07,2400,2400,4000,B,9836236,7.07,10048125,7.07
10048128,14:47:59,7.07,100,2000,4000,B,9922257,7.07,10048125,7.07
10053295,14:48:05,7.07,200,2000,200,B,9922257,7.07,10053294,7.07
10073340,14:48:34,7.06,420,8400,3000,S,10073339,7.06,10033981,7.06
10073341,14:48:34,7.06,7980,8400,9100,S,10073339,7.06,10035119,7.06
10073544,14:48:34,7.06,1120,15000,9100,S,10073543,7.06,10035119,7.06
10073545,14:48:34,7.06,1000,15000,1000,S,10073543,7.06,10037588,7.06
10073546,14:48:34,7.06,2000,15000,2000,S,10073543,7.06,10038704,7.06
10073547,14:48:34,7.06,5000,15000,5000,S,10073543,7.06,10048575,7.06
10073548,14:48:34,7.06,800,15000,800,S,10073543,7.06,10061841,7.06
10073549,14:48:34,7.06,3000,15000,3000,S,10073543,7.06,10066573,7.06
10080116,14:48:43,7.06,100,15000,100,B,10073543,7.06,10080115,7.06
10083217,14:48:47,7.06,1000,15000,1000,B,10073543,7.06,10083216,7.06
10095156,14:49:03,7.06,100,15000,100,B,10073543,7.06,10095155,7.06
10105505,14:49:17,7.05,1000,1000,2200,S,10105504,7.05,9888774,7.05
10114091,14:49:28,7.06,880,15000,3000,B,10073543,7.06,10114090,7.06
10115981,14:49:31,7.06,800,800,3000,S,10115980,7.06,10114090,7.06
10120483,14:49:37,7.06,400,400,3000,S,10120482,7.06,10114090,7.06
10122297,14:49:40,7.06,100,100,3000,S,10122296,7.06,10114090,7.06
10130971,14:49:51,7.07,200,2000,200,B,9922257,7.07,10130970,7.07
10132016,14:49:52,7.06,820,2000,3000,S,10132015,7.06,10114090,7.06
10132017,14:49:52,7.06,1180,2000,10000,S,10132015,7.06,10127255,7.06
10137155,14:49:59,7.06,600,600,10000,S,10137154,7.06,10127255,7.06
10146833,14:50:11,7.07,1500,2000,3000,B,9922257,7.07,10146832,7.07
10146834,14:50:11,7.07,500,500,3000,B,9939261,7.07,10146832,7.07
10146835,14:50:11,7.07,1000,4800,3000,B,10088467,7.07,10146832,7.07
10153169,14:50:19,7.07,2000,4800,2000,B,10088467,7.07,10153168,7.07
10159533,14:50:27,7.07,1000,4800,1000,B,10088467,7.07,10159532,7.07
10193329,14:51:09,7.06,100,100,10000,S,10193328,7.06,10127255,7.06
10228872,14:51:54,7.06,1000,1000,10000,S,10228871,7.06,10127255,7.06
10246846,14:52:16,7.07,200,4800,200,B,10088467,7.07,10246845,7.07
10251296,14:52:21,7.07,600,4800,5000,B,10088467,7.07,10251295,7.07
10251297,14:52:21,7.07,4400,12200,5000,B,10123744,7.07,10251295,7.07
10257668,14:52:29,7.06,400,400,10000,S,10257667,7.06,10127255,7.06
10257703,14:52:29,7.06,1000,1000,10000,S,10257702,7.06,10127255,7.06
10304693,14:53:25,7.07,800,12200,800,B,10123744,7.07,10304692,7.07
10313045,14:53:35,7.07,300,12200,300,B,10123744,7.07,10313044,7.07
10314942,14:53:37,7.07,5000,12200,5000,B,10123744,7.07,10314941,7.07
10322880,14:53:47,7.06,2000,2000,10000,S,10322879,7.06,10127255,7.06
10326618,14:53:51,7.07,1700,12200,4200,B,10123744,7.07,10326617,7.07
10326619,14:53:51,7.07,2500,3000,4200,B,10126224,7.07,10326617,7.07
10345458,14:54:13,7.07,500,3000,10000,B,10126224,7.07,10345457,7.07
10345459,14:54:13,7.07,500,500,10000,B,10127368,7.07,10345457,7.07
10345460,14:54:13,7.07,500,500,10000,B,10188461,7.07,10345457,7.07
10345461,14:54:13,7.07,1000,1000,10000,B,10327804,7.07,10345457,7.07
10345462,14:54:13,7.07,1000,1000,10000,B,10329018,7.07,10345457,7.07
10345463,14:54:13,7.07,5000,5000,10000,B,10332895,7.07,10345457,7.07
10345464,14:54:13,7.07,1500,2500,10000,B,10341002,7.07,10345457,7.07
10352159,14:54:21,7.07,500,2500,500,B,10341002,7.07,10352158,7.07
10365694,14:54:35,7.07,500,2500,1000,B,10341002,7.07,10365693,7.07
10365695,14:54:35,7.07,500,900,1000,B,10356699,7.07,10365693,7.07
10366672,14:54:36,7.06,3720,10000,10000,S,10366671,7.06,10127255,7.06
10366673,14:54:36,7.06,5000,10000,5000,S,10366671,7.06,10136712,7.06
10366674,14:54:36,7.06,1280,10000,4200,S,10366671,7.06,10170959,7.06
10394082,14:55:07,7.07,400,900,1600,B,10356699,7.07,10394081,7.07
10394083,14:55:07,7.07,1200,10000,1600,B,10364767,7.07,10394081,7.07
10401118,14:55:14,7.07,3400,10000,3400,B,10364767,7.07,10401117,7.07
10412103,14:55:26,7.06,500,500,4200,S,10412102,7.06,10170959,7.06
10412725,14:55:27,7.06,2000,2000,4200,S,10412724,7.06,10170959,7.06
10470863,14:56:25,7.07,800,10000,800,B,10364767,7.07,10470862,7.07
10473193,14:56:28,7.06,420,2000,4200,S,10473192,7.06,10170959,7.06
10473194,14:56:28,7.06,1300,2000,1300,S,10473192,7.06,10209445,7.06
10473195,14:56:28,7.06,280,2000,680,S,10473192,7.06,10273572,7.06
10477617,14:56:32,7.07,900,10000,900,B,10364767,7.07,10477616,7.07
10484250,14:56:38,7.06,400,400,680,S,10484249,7.06,10273572,7.06
10589387,15:00:00,7.08,300,1400,300,S,10547232,7.08,10530218,7.08
10589388,15:00:00,7.08,1100,1400,7600,S,10547232,7.08,10543259,7.08
10589389,15:00:00,7.08,5900,5900,7600,B,10534526,7.08,10543259,7.08
10589390,15:00:00,7.08,600,5900,7600,S,10548171,7.08,10543259,7.08
10589391,15:00:00,7.08,800,5900,800,S,10548171,7.08,10545525,7.08
10589392,15:00:00,7.08,4500,5900,50000,B,10548171,7.08,10556014,7.08
10589393,15:00:00,7.08,100,100,50000,B,10506891,7.08,10556014,7.08
10589394,15:00:00,7.08,1000,1000,50000,B,10521949,7.08,10556014,7.08
10589395,15:00:00,7.08,300,300,50000,B,10530518,7.08,10556014,7.08
10589396,15:00:00,7.08,1000,1000,50000,B,10533549,7.08,10556014,7.08
10589397,15:00:00,7.08,5700,5700,50000,B,10536152,7.08,10556014,7.08
10589398,15:00:00,7.08,4000,4000,50000,B,10542705,7.08,10556014,7.08
10589399,15:00:00,7.08,1600,1600,50000,B,10542938,7.08,10556014,7.08
10589400,15:00:00,7.08,2000,2000,50000,B,10553561,7.08,10556014,7.08
10589401,15:00:00,7.08,100,100,50000,S,10557161,7.08,10556014,7.08
10589402,15:00:00,7.08,3700,10000,50000,B,10364767,7.07,10556014,7.08
10589403,15:00:00,7.08,1500,1500,50000,B,10377312,7.08,10556014,7.08
10589404,15:00:00,7.08,200,200,50000,B,10398386,7.08,10556014,7.08
10589405,15:00:00,7.08,1000,1000,50000,B,10405445,7.08,10556014,7.08
10589406,15:00:00,7.08,1700,1700,50000,B,10420401,7.08,10556014,7.08
10589407,15:00:00,7.08,3600,3600,50000,B,10440760,7.08,10556014,7.08
10589408,15:00:00,7.08,1100,1100,50000,B,10470278,7.08,10556014,7.08
10589409,15:00:00,7.08,1000,1000,50000,B,10475680,7.08,10556014,7.08
10589410,15:00:00,7.08,1900,1900,50000,B,10523280,7.08,10556014,7.08
10589411,15:00:00,7.08,2000,2000,50000,B,10523666,7.08,10556014,7.08
10589412,15:00:00,7.08,500,500,50000,B,10537908,7.08,10556014,7.08
10589413,15:00:00,7.08,2000,2000,50000,B,10550728,7.08,10556014,7.08
10589414,15:00:00,7.08,1000,1000,50000,B,2824471,7.08,10556014,7.08
10589415,15:00:00,7.08,8100,8100,50000,B,5827666,7.08,10556014,7.08
10589416,15:00:00,7.08,400,2000,50000,B,9269279,7.08,10556014,7.08
10589417,15:00:00,7.08,1600,2000,19700,B,9269279,7.08,10560453,7.08
10589418,15:00:00,7.08,1400,1400,19700,B,9910782,7.08,10560453,7.08
10589419,15:00:00,7.08,10000,10000,19700,B,10065705,7.08,10560453,7.08
10589420,15:00:00,7.08,3800,3800,19700,B,10291556,7.08,10560453,7.08
10589421,15:00:00,7.08,2900,2900,19700,B,10524971,7.08,10560453,7.08
